{
  "depth": 6,
  "l2_leaf_reg": 0.3132536418909353,
  "border_count": 110,
  "bagging_temperature": 0.4122193578859062,
  "random_strength": 6.238021888242969
}