{"max_bin": 256, "num_leaves": 388, "min_data_in_leaf": 5, "min_sum_hessian_in_leaf": 3.926124359162804e-06, "bagging_fraction": 0.9506955611655108, "bagging_freq": 36, "feature_fraction": 0.10169232992517552, "lambda_l1": 1.9680189846656708, "lambda_l2": 6.818748405392397e-05, "min_gain_to_split": 0.897489998832607, "max_depth": 83, "extra_trees": false, "path_smooth": 5, "boosting_type": "gbdt", "objective": "binary", "metric": "auc", "learning_rate": 0.1, "n_estimators": 500, "early_stopping_round": 300, "verbosity": -1, "random_state": 42}